lic,first_seen,last_seen,still_listed,reappeared_ever,last_status,name,city,state,county,class,ownership
10038,2014-11-14,2024-06-14,False,False,Active,PHARMACY PLUS #1,TEAGUE,TX,FREESTONE,Community Pharmacy,Corporation
10188,2014-11-14,2015-09-27,False,False,Active,SPRINGTOWN DRUG,SPRINGTOWN,TX,PARKER,Community Pharmacy,Corporation
10647,2014-11-14,2026-08-08,True,False,Active,WALGREENS #03848,DEER PARK,TX,HARRIS,Community Pharmacy,Corporation
11077,2014-11-14,2025-07-01,False,False,Active,COBB'S PHARMACY,GEORGE WEST,TX,LIVE OAK,Community Pharmacy,Corporation
13345,2014-11-14,2016-03-03,False,False,Active,TROUP PHARMACY,TROUP,TX,SMITH,Community Pharmacy,Corporation
13457,2014-11-14,2026-08-08,True,False,Active,THE UNIVERSITY OF TEXAS RIO GRANDE VALLEY,EDINBURG,TX,HIDALGO,Clinic,Government
14491,2014-11-14,2026-08-08,True,False,Active,ASCENSION PROVIDENCE PLAZA OUTPATIENT PHARMACY,WACO,TX,MCLENNAN,Community Pharmacy,Corporation
14987,2014-11-14,2019-03-03,False,False,Active,"U.S. PHARMACY, INC.",FOREST HILL,TX,TARRANT,Community Pharmacy,Corporation
15085,2014-11-14,2026-08-08,True,False,Active,WALGREENS #06337,NEW BRAUNFELS,TX,COMAL,Community Pharmacy,Corporation
15189,2014-11-14,2016-03-03,False,False,Active,TARGET MAIL ORDER PHARMACY,COLUMBUS,OH,,Non-Resident (Not Located in Texas),Corporation
15644,2014-11-14,2026-08-08,True,False,Active,ZENITH PHARMACY,FARMERS BRANCH,TX,DALLAS,Community Pharmacy,Corporation
15785,2014-11-14,2023-08-08,False,False,Active,SUPER 1 PHARMACY #612,LONGVIEW,TX,GREGG,Community Pharmacy,Corporation
15792,2014-11-14,2026-08-08,True,False,Active,"CUB DRUG, INC.",OLNEY,TX,YOUNG,Community Pharmacy,Corporation
16120,2014-11-14,2026-08-08,True,False,Active,LAREDO DOWNTOWN PHARMACY INC,LAREDO,TX,WEBB,Community Pharmacy,Corporation
16129,2014-11-14,2024-09-04,False,False,Active,MAXOR PHARMACIES,PORT ARTHUR,TX,JEFFERSON,Community Pharmacy,LLC
16625,2014-11-14,2014-11-14,False,False,Active,HOLMES' PHARMACY,JEWETT,TX,LEON,Community Pharmacy,Corporation
16931,2014-11-14,2023-09-05,False,False,Active,RIVER NORTH PHARMACY,STEPHENVILLE,TX,ERATH,Community Pharmacy,Corporation
17197,2014-11-14,2026-08-08,True,False,Active,CENTER FOR ASSISTED REPRODUCTION,BEDFORD,TX,TARRANT,Institutional (Hospital),Other
17345,2014-11-14,2025-07-01,False,False,Active,CENTRO SAN VICENTE SAN ELIZARIO,SAN ELIZARIO,TX,EL PASO,Clinic,Corporation
17612,2014-11-14,2026-08-08,True,False,Active,WALGREENS #03825,NORTH RICHLAND HILLS,TX,TARRANT,Community Pharmacy,Corporation
18334,2014-11-14,2022-01-04,False,False,Active,THE MEDICINE SHOPPE #1145,LA PORTE,TX,HARRIS,Community Pharmacy,Corporation
18757,2014-11-14,2026-08-08,True,False,Active,MEDICAL CITY NORTH HILLS,NORTH RICHLAND HILLS,TX,TARRANT,Institutional Sterile Compounding,Partnership
18788,2014-11-14,2026-08-08,True,False,Active,BROOKSHIRE BROS. PHARMACY #33,HUNTSVILLE,TX,WALKER,Community Pharmacy,Corporation
18818,2014-11-14,2026-08-08,True,False,Active,MEDICAL CITY DALLAS HOSPITAL PHARMACY,DALLAS,TX,DALLAS,Institutional Sterile Compounding,Partnership
19056,2014-11-14,2019-03-03,False,False,Active,QRC HEALTHMART PHARMACY,CASTROVILLE,TX,MEDINA,Community Pharmacy,Corporation
19230,2014-11-14,2026-08-08,True,False,Active,CUSTOM SCRIPTS PHARMACY,WESLEY CHAPEL,FL,PASCO,Non-Resident (Not Located in Texas),Corporation
19462,2014-11-14,2023-09-05,False,False,Active,SPENCES MEDICAL CENTER PHARMACY,ANGLETON,TX,BRAZORIA,Community Pharmacy,Individual
19497,2014-11-14,2026-08-08,True,False,Active,WALGREENS #04838,SAN ANTONIO,TX,BEXAR,Community Pharmacy,Corporation
19683,2014-11-14,2026-08-08,True,False,Active,WALGREENS #05377,BURLESON,TX,JOHNSON,Community Pharmacy,Corporation
19841,2014-11-14,2025-07-01,False,False,Active,COSTCO PHARMACY #581,EVERETT,WA,,Non-Resident (Not Located in Texas),Corporation
20122,2014-11-14,2026-08-08,True,False,Active,KROGER PHARMACY #316,THE WOODLANDS,TX,MONTGOMERY,Community Pharmacy,Partnership
20159,2014-11-14,2026-08-08,True,False,Active,MATAGORDA REGIONAL MEDICAL CENTER,BAY CITY,TX,MATAGORDA,Institutional Sterile Compounding,Government
20217,2014-11-14,2026-08-08,True,False,Active,KROGER PHARMACY #495,IRVING,TX,DALLAS,Community Pharmacy,Partnership
20260,2014-11-14,2026-08-08,True,False,Active,KROGER PHARMACY #526,BUCKINGHAM,TX,DALLAS,Community Pharmacy,Partnership
20341,2014-11-14,2026-08-08,True,False,Active,SAM'S PHARMACY #10-8277,WESTWORTH VILLAGE,TX,TARRANT,Community Pharmacy,Corporation
21065,2014-11-14,2026-08-08,True,False,Active,HEB PHARMACY #006,STEPHENVILLE,TX,ERATH,Community Pharmacy,Partnership
21136,2014-11-14,2026-08-08,True,False,Active,HEB PHARMACY #384,SAN ANTONIO,TX,BEXAR,Community Pharmacy,Partnership
21233,2014-11-14,2026-08-08,True,False,Active,HEB PHARMACY #019,LYTLE,TX,ATASCOSA,Community Pharmacy,Partnership
21417,2014-11-14,2026-08-08,True,False,Active,UNITED PHARMACY #4549,SNYDER,TX,SCURRY,Community Pharmacy,LLC
21584,2014-11-14,2026-08-08,True,False,Active,WALMART PHARMACY 10-475,ROUND ROCK,TX,WILLIAMSON,Community Pharmacy,LLC
21608,2014-11-14,2026-08-08,True,False,Revocation,ALLIANCE PHARMACY SERVICES INC,ARLINGTON,TX,TARRANT,Community Pharmacy,Corporation
21676,2014-11-14,2026-08-08,True,False,Active,WALMART PHARMACY 10-181,NEW BOSTON,TX,BOWIE,Community Pharmacy,LLC
21689,2014-11-14,2026-08-08,True,False,Active,WALMART PHARMACY 10-3286,HICKORY CREEK,TX,DENTON,Community Pharmacy,LLC
21728,2014-11-14,2026-08-08,True,False,Active,WALMART PHARMACY 10-872,PEARLAND,TX,BRAZORIA,Community Pharmacy,LLC
21738,2014-11-14,2026-08-08,True,False,Active,WALGREENS #06660,DALLAS,TX,DALLAS,Community Pharmacy,Corporation
21877,2014-11-14,2026-08-08,True,False,Active,WALMART PHARMACY 10-2201,EL PASO,TX,EL PASO,Community Pharmacy,LLC
21878,2014-11-14,2026-08-08,True,False,Active,WALMART PHARMACY 10-2667,DALLAS,TX,DALLAS,Community Pharmacy,LLC
21952,2014-11-14,2026-08-08,True,False,Active,HEB PHARMACY #561,FREDERICKSBURG,TX,GILLESPIE,Community Pharmacy,Partnership
22044,2014-11-14,2016-03-03,False,False,Active,RC3 PHARMACY,HOUSTON,TX,HARRIS,Community Pharmacy,Corporation
22100,2014-11-14,2026-08-08,True,False,Active,TOM THUMB PHARMACY #3652,FLOWER MOUND,TX,DENTON,Community Pharmacy,Partnership
22117,2014-11-14,2026-08-08,True,False,Active,TOM THUMB PHARMACY #2990,DALLAS,TX,DALLAS,Community Pharmacy,Partnership
22264,2014-11-14,2026-08-08,True,False,Active,KROGER PHARMACY #893,MESQUITE,TX,DALLAS,Community Pharmacy,Partnership
22279,2014-11-14,2026-08-08,True,False,Active,HEB PHARMACY #558,FRIENDSWOOD,TX,GALVESTON,Community Pharmacy,Partnership
22602,2014-11-14,2024-09-04,False,False,Active,OMNICARE OF WACO,WACO,TX,MC LENNAN,Community Sterile Compounding,Partnership
22703,2014-11-14,2014-12-15,False,False,Active,DUBUIS HOSPITAL OF CORPUS CHRISTI,CORPUS CHRISTI,TX,NUECES,Institutional Sterile,Corporation
22812,2014-11-14,2026-08-08,True,False,Active,WALGREENS #07673,AUSTIN,TX,WILLIAMSON,Community Pharmacy,Corporation
22908,2014-11-14,2023-08-08,False,False,Active,BROOKSHIRE PHARMACY #70,BULLARD,TX,SMITH,Community Pharmacy,Corporation
23002,2014-11-14,2026-08-08,True,False,Active,PARIS REGIONAL MEDICAL CENTER (NORTH CAMPUS),PARIS,TX,LAMAR,Institutional Sterile Compounding,Partnership
23650,2014-11-14,2026-08-08,True,False,Active,WALGREENS #01518,CROSBY,TX,HARRIS,Community Pharmacy,Corporation
23660,2014-11-14,2026-08-08,True,False,Revocation,MASTERY PHARMACY SOUTH,HOUSTON,TX,HARRIS,Community Pharmacy,Corporation
23959,2014-11-14,2026-08-08,True,False,Expired Pharm,LUBBOCK DERMATOLOGY PHARMACY,LUBBOCK,TX,LUBBOCK,Community Pharmacy,Partnership
24344,2014-11-14,2026-08-08,True,False,Probation,CVS/CAREMARK OR CF #11506,WILKES-BARRE,PA,,Non-Resident (Not Located in Texas),Other
24403,2014-11-14,2021-09-15,False,False,Active,LITTLE ELM PHARMACY,LITTLE ELM,TX,DENTON,Community Pharmacy,Corporation
24510,2014-11-14,2026-08-08,True,False,Active,CVS/PHARMACY #7436,MOUNT PLEASANT,TX,TITUS,Community Pharmacy,Corporation
24539,2014-11-14,2019-03-03,False,False,Active,CVS/PHARMACY #3005,SPRING,TX,HARRIS,Community Pharmacy,Corporation
24546,2014-11-14,2024-06-14,False,False,Active,CVS/PHARMACY #5844,DALLAS,TX,DALLAS,Community Pharmacy,Corporation
24637,2014-11-14,2026-08-08,True,False,Active,CVS/PHARMACY #7295,ATHENS,TX,HENDERSON,Community Pharmacy,Corporation
24655,2014-11-14,2026-08-08,True,False,Active,CVS/PHARMACY #7403,SAN ANTONIO,TX,BEXAR,Community Pharmacy,Corporation
24768,2014-11-14,2016-12-31,False,False,Active,CVS/PHARMACY #7789,LEAGUE CITY,TX,GALVESTON,Community Pharmacy,Corporation
24786,2014-11-14,2026-08-08,True,False,Active,CVS/PHARMACY #8323,GEORGETOWN,TX,WILLIAMSON,Community Pharmacy,Corporation
24795,2014-11-14,2026-08-08,True,False,Active,CVS/PHARMACY #1792,PLANO,TX,COLLIN,Community Pharmacy,Corporation
24950,2014-11-14,2026-08-08,True,False,Active,CVS/PHARMACY #5910,HOUSTON,TX,HARRIS,Community Pharmacy,Corporation
24958,2014-11-14,2026-08-08,True,False,Active,CVS/PHARMACY #7603,SAGINAW,TX,TARRANT,Community Pharmacy,Corporation
24996,2014-11-14,2017-10-17,False,False,Active,"CRESCENT HEALTHCARE, INC.",PANAMA CITY,FL,BAY,Non Resident Sterile Compounding,Corporation
25127,2014-11-14,2023-08-08,False,False,Active,BROOKSHIRE PHARMACY #33,GRAND SALINE,TX,VAN ZANDT,Community Pharmacy,Corporation
25213,2014-11-14,2026-08-08,True,False,Active,FAMILY FIRST PHARMACY,TYLER,TX,SMITH,Community Pharmacy,Partnership
25258,2014-11-14,2026-08-08,True,False,Active,BEACH STREET PHARMACY,FORT WORTH,TX,TARRANT,Community Pharmacy,Corporation
25263,2014-11-14,2026-08-08,True,False,Active,SAM'S PHARMACY #10-6202,LUFKIN,TX,ANGELINA,Community Pharmacy,Corporation
25376,2014-11-14,2026-08-08,True,False,Active,WALMART PHARMACY 10-4215,QUINLAN,TX,HUNT,Community Pharmacy,LLC
25387,2014-11-14,2026-08-08,True,False,Active,WALGREENS #10730,HARKER HEIGHTS,TX,BELL,Community Pharmacy,Corporation
25536,2014-11-14,2026-08-08,True,False,Active,SUPER MERCADO PHARMACY,MIDLAND,TX,MIDLAND,Community Pharmacy,Corporation
25658,2014-11-14,2015-02-15,False,False,Active,SUPER DRUG MART #5,SAN ANTONIO,TX,BEXAR,Community Pharmacy,Corporation
25898,2014-11-14,2022-03-05,False,False,Active,"CSR COMPANY, INC.",LA VISTA,NE,SARPY,Non-Resident (Not Located in Texas),Corporation
25978,2014-11-14,2026-08-08,True,False,Active,VISTA SURGERY CENTER,EL PASO,TX,EL PASO,Institutional (Hospital),Corporation
26113,2014-11-14,2026-08-08,True,False,Active,YOUR HOMETOWN PHARMACY,SCHULENBURG,TX,FAYETTE,Community Pharmacy,Corporation
26126,2014-11-14,2017-10-17,False,False,Active,LIFECHEK DRUG #37,LA GRANGE,TX,FAYETTE,Community Pharmacy,Other
26166,2014-11-14,2026-08-08,True,False,Expired Pharm,"TANGLEWILDE PHARMACY, INC.",HOUSTON,TX,HARRIS,Community Pharmacy,Corporation
26195,2014-11-14,2015-05-20,False,False,Active,ADVANCED COMPOUNDING PHARMACY,NORTH HOLLYWOOD,CA,,Non Resident Sterile,Corporation
26220,2014-11-14,2018-09-03,False,False,Active,WALLIS PHARMACY,HOUSTON,TX,HARRIS,Community Pharmacy,Corporation
26227,2014-11-14,2026-08-08,True,False,Active,FIRST PHARMACY PAVILION,DALLAS,TX,DALLAS,Community Pharmacy,Corporation
26296,2014-11-14,2026-08-08,True,False,Active,WALGREENS #12601,LUFKIN,TX,ANGELINA,Community Pharmacy,Corporation
26300,2014-11-14,2026-08-08,True,False,Active,"HYLAND'S PHARMACY, LLC",WHEELER,TX,WHEELER,Community Pharmacy,LLC
26323,2014-11-14,2015-09-27,False,False,Active,TARGET STORE T-2452,SAN ANTONIO,TX,BEXAR,Community Pharmacy,Corporation
26407,2014-11-14,2026-08-08,True,False,Active,CVS/PHARMACY #227,MCALLEN,TX,HIDALGO,Community Pharmacy,Corporation
26468,2014-11-14,2026-08-08,True,False,Active,COMMUNITYCARE-PFLUGERVILLE,PFLUGERVILLE,TX,TRAVIS,Clinic,Corporation
26618,2014-11-14,2015-06-23,False,False,Active,ROLLING PLAINS MEMORIAL HOSP.,SWEETWATER,TX,NOLAN,Institutional Sterile,Other
26773,2014-11-14,2014-12-15,False,False,Delinquent,TOTAL HEALTHCARE CENTER,TYLER,TX,SMITH,Clinic Pharmacy,Corporation
26826,2014-11-14,2026-08-08,True,False,Active,UTMB HEALTH LEAGUE CITY CAMPUS,LEAGUE CITY,TX,GALVESTON,Institutional Sterile Compounding,Government
27102,2014-11-14,2019-09-04,False,False,Active,PRESCRIPTION HEALTH RESOURCES,RICHLAND HILLS,TX,TARRANT,Community Sterile Compounding,LLC
27154,2014-11-14,2026-08-08,True,False,Active,FAIRWAY PHARMACY,HOUSTON,TX,HARRIS,Community Pharmacy,LLC
27157,2014-11-14,2026-08-08,True,False,Active,SHAVANO OAKS PHARMACY,SAN ANTONIO,TX,BEXAR,Community Pharmacy,Other
27160,2014-11-14,2022-09-05,False,False,Active,GRAHAM PHARMACY,MIDLAND,TX,MIDLAND,Community Pharmacy,Corporation
27188,2014-11-14,2026-08-08,True,False,Active,UNIVERSITY HEALTH REFUGEE HEALTH SERVICES CLINIC PHCY,SAN ANTONIO,TX,BEXAR,Clinic,Government
27202,2014-11-14,2026-08-08,True,False,Active,MEDLIN PHARMACY,MISSOURI CITY,TX,FORT BEND,Community Pharmacy,Corporation
27210,2014-11-14,2026-08-08,True,False,Active,GIBSON PHARMACY,IRVING,TX,DALLAS,Community Pharmacy,Corporation
27259,2014-11-14,2015-01-16,False,False,Delinquent,CALIFORNIA PET PHARMACY,HAYWARD,CA,,Non-Resident Pharmacy,Individual
27358,2014-11-14,2026-08-08,True,False,Revocation,RIVER'S EDGE PHARMACY,RICHMOND,TX,FORT BEND,Community Pharmacy,Other
27387,2014-11-14,2019-09-04,False,False,Active,DIPLOMAT SPECIALTY PHARMACY,FLINT,MI,,Non-Resident (Not Located in Texas),Corporation
27439,2014-11-14,2025-07-01,False,False,Active,TRIPLE A PHARMACY,HOUSTON,TX,HARRIS,Community Pharmacy,Corporation
27445,2014-11-14,2015-05-20,False,False,Active,SHIELDS PHARMACY,GARLAND,TX,DALLAS,Community Pharmacy,Corporation
27476,2014-11-14,2015-09-27,False,False,Active,VALUSTAR PHARMACY LLC,HOUSTON,TX,HARRIS,Community Pharmacy,Individual
27539,2014-11-14,2026-08-08,True,False,Active,CVS/PHARMACY #4880,DECATUR,TX,WISE,Community Pharmacy,Corporation
27549,2014-11-14,2015-09-27,False,False,Active,MINYARD PHARMACY,MESQUITE,TX,DALLAS,Community Pharmacy,LLC
27629,2014-11-14,2026-08-08,True,False,Revocation,SAVE-RITE PHARMACY,HOUSTON,TX,HARRIS,Community Pharmacy,Corporation
27639,2014-11-14,2024-09-04,False,False,Active,WALGREENS #13931,MISSION,TX,HIDALGO,Community Pharmacy,Corporation
27801,2014-11-14,2015-09-27,False,False,Active,PRUDENT PHARMACY,LA PORTE,TX,HARRIS,Community Pharmacy,Individual
27822,2014-11-14,2026-08-08,True,False,Active,ST. DAVID'S EMERGENCY CARE CENTER PFLUGERVILLE,PFLUGERVILLE,TX,TRAVIS,Freestanding EMC,Partnership
27837,2014-11-14,2016-12-31,False,False,Active,MINYARD PHARMACY,IRVING,TX,DALLAS,Community Pharmacy,LLC
27858,2014-11-14,2026-08-08,True,False,Active,"CHANDLER DRUG, LLC",CHANDLER,TX,HENDERSON,Community Pharmacy,LLC
27879,2014-11-14,2026-08-08,True,False,Active,WARM SPRINGS REHABILITATION HOSPITAL OF WESTOVER HILLS,SAN ANTONIO,TX,BEXAR,Institutional Sterile Compounding,LLC
27890,2014-11-14,2015-09-27,False,False,Active,PETSCRIPTIONS,LOUISVILLE,KY,JEFFERSON,Non-Resident Pharmacy,Corporation
27907,2014-11-14,2026-08-08,True,False,Active,WALMART PHARMACY 10-3433,RED OAK,TX,ELLIS,Community Pharmacy,LLC
27914,2014-11-14,2026-08-08,True,False,Active,SAM'S PHARMACY #10-4850,MCALLEN,TX,HIDALGO,Community Pharmacy,Corporation
28042,2014-11-14,2020-09-06,False,False,Active,BETTER BALANCE PHARMACY,SPRING,TX,HARRIS,Community Pharmacy,Corporation
28057,2014-11-14,2019-03-03,False,False,Active,"COMMUNITY HEALTHCARE SERVICES, INC",LOMA LINDA,CA,SAN BERNARDINO,Non-Resident (Not Located in Texas),Corporation
28114,2014-11-14,2015-06-23,False,False,Active,BROWN'S COMPOUNDING CENTER,ENGLEWOOD,CO,ARAPAHOE,Non Resident Sterile,Corporation
28133,2014-11-14,2014-12-15,False,False,Delinquent,EFFICACY HEALTH SERVICES LLC,HOUSTON,TX,HARRIS,Institutional Pharmacy,LLC
28135,2014-11-14,2026-08-08,True,False,Active,WALGREENS #13447,UVALDE,TX,UVALDE,Community Pharmacy,Corporation
28156,2014-11-14,2015-06-23,False,False,Active,"PHYSICIAN RXSOURCE, INC",ATHENS,AL,LIMESTONE,Non-Resident Pharmacy,Corporation
28160,2014-11-14,2026-08-08,True,False,Active,WALGREENS # 15187,ABILENE,TX,TAYLOR,Community Pharmacy,Corporation
28211,2014-11-14,2026-08-08,True,False,Active,"THR/STT SOUTHLAKE ASC, LLC",SOUTHLAKE,TX,TARRANT,Institutional (Hospital),LLC
28215,2014-11-14,2016-11-03,False,False,Delinquent,PRECISION HEALTHCARE,NASHVILLE,TN,DAVIDSON,Non Resident Sterile Compounding,Corporation
28224,2014-11-14,2024-03-07,False,False,Active,PHARMACY PLUS # 10,WACO,TX,MC LENNAN,Community Pharmacy,Corporation
28386,2014-11-14,2017-03-03,False,False,Active,DREAM PHARMACY MEMORIAL,HOUSTON,TX,HARRIS,Community Pharmacy,Corporation
28522,2014-11-14,2015-03-18,False,False,Active,STONEBRIAR PHARMACY,FRISCO,TX,DENTON,Community Pharmacy,Corporation
28543,2014-11-14,2026-08-08,True,False,Active,AUSTIN OAKS HOSPITAL,AUSTIN,TX,TRAVIS,Institutional (Hospital),Partnership
28558,2014-11-14,2019-03-03,False,False,Active,CVS/PHARMACY # 10066,COPPERAS COVE,TX,CORYELL,Community Pharmacy,Corporation
28575,2014-11-14,2026-08-08,True,False,Expired Pharm,AMBER JAR PHARMACY,HOUSTON,TX,HARRIS,Community Pharmacy,LLC
28582,2014-11-14,2026-08-08,True,False,Active,WALGREENS # 15381,HARLINGEN,TX,CAMERON,Community Pharmacy,Corporation
28619,2014-11-14,2019-03-03,False,False,Active,KELSEY PHARMACY,PEARLAND,TX,BRAZORIA,Community Pharmacy,LLC
28625,2014-11-14,2017-10-17,False,False,Active,GULF BANK PHARMACY,HOUSTON,TX,HARRIS,Community Pharmacy,Individual
28684,2014-11-14,2026-08-08,True,False,Active,WALGREENS SPECIALTY PHARMACY #15513,BEAUMONT,TX,JEFFERSON,Community Pharmacy,Corporation
28710,2014-11-14,2015-06-23,False,False,Active,PHYSICIAN SPECIALTY COMPOUNDING BY SUNLA,LUTZ,FL,HILLSBOROUGH,Non-Resident Pharmacy,Corporation
28779,2014-11-14,2026-08-08,True,False,Active,RICHARD'S PHARMACY,MISSION,TX,HIDALGO,Community Pharmacy,LLC
28918,2014-11-14,2015-01-16,False,False,Active,"RX CONCEPTS OF DALLAS, LLC",DALLAS,TX,DALLAS,Community Pharmacy,LLC
28956,2014-11-14,2026-08-08,True,False,Active,AMERICA'S ER,MAGNOLIA,TX,MONTGOMERY,Freestanding EMC,LLC
28972,2014-11-14,2017-03-03,False,False,Active,CVS PHARMACY # 10353,SAN MARCOS,TX,HAYS,Community Pharmacy,Corporation
29138,2014-11-14,2019-03-03,False,False,Active,SUNRISE RX PHARMACY,FORT MYERS,FL,LEE,Non-Resident (Not Located in Texas),Corporation
29235,2014-11-14,2026-08-08,True,False,Active,NORTHEAST CLINIC PHARMACY,HOUSTON,TX,HARRIS,Community Pharmacy,Government
29242,2014-11-14,2026-08-08,True,False,Active,OPTUM PHARMACY 702 LLC,JEFFERSONVLLE,IN,CLARK,Non-Resident (Not Located in Texas),LLC
29476,2014-11-14,2022-03-05,False,False,Active,RITE CARE PHARMACY,SUGAR LAND,TX,FORT BEND,Community Pharmacy,Corporation
29551,2014-11-14,2026-08-08,True,False,Active,CVS/PHARMACY #5002,LANTANA,TX,DENTON,Community Pharmacy,Corporation
29574,2014-11-14,2018-09-03,False,False,Active,NEIGHBORS EMERGENCY CENTER,HOUSTON,TX,HARRIS,Freestanding EMC,Partnership
29664,2014-12-15,2022-09-05,False,False,Active,ASPCARES,SAN ANTONIO,TX,BEXAR,Community Sterile Compounding,Corporation
29670,2014-12-15,2017-10-17,False,False,Active,ACARIAHEALTH PHARMACY INC,FAIRFAX,VA,FAIRFAX,Non-Resident (Not Located in Texas),Corporation
29695,2015-01-16,2017-10-17,False,False,Active,PAM SPECIALTY HOSPITAL OF TEXARKANA SOUT,TEXARKANA,TX,BOWIE,Institutional Sterile Compounding,LLC
29737,2015-02-15,2026-08-08,True,False,Active,VIP PHARMACY,EL PASO,TX,EL PASO,Community Pharmacy,LLC
29740,2015-02-15,2026-08-08,True,False,Active,SANTA MARIA PHARMACY LLC,HOUSTON,TX,HARRIS,Community Pharmacy,LLC
29823,2015-03-18,2026-08-08,True,False,Active,BAYLOR SCOTT & WHITE PHARMACY #231,KILLEEN,TX,BELL,Community Pharmacy,Partnership
29920,2015-04-18,2026-08-08,True,False,Active,HEALTH RX SCRIPTS LLC,HOUSTON,TX,HARRIS,Community Pharmacy,LLC
29970,2015-05-20,2019-09-04,False,False,Active,TEXAS EMERGENCY CARE CENTER - IRVING,IRVING,TX,DALLAS,Freestanding EMC,LLC
29999,2015-06-23,2016-03-03,False,False,Active,MI DOCTOR- ABRAMS,DALLAS,TX,DALLAS,Clinic,Corporation
30006,2015-06-23,2020-09-06,False,False,Active,MEDICAL CITY ER - A DEPARTMENT OF MEDICA,DALLAS,TX,DALLAS,Freestanding EMC,Partnership
30164,2015-09-04,2026-08-08,True,False,Active,MMS SOLUTIONS,LA VERGNE,TN,RUTHERFORD,Non-Resident (Not Located in Texas),LLC
30216,2016-03-03,2026-08-08,True,False,Active,CVS/PHARMACY #10579,ALAMO HEIGHTS,TX,BEXAR,Community Pharmacy,Corporation
30237,2016-03-03,2022-03-05,False,False,Expired Pharm,LLC PATIENT SERVICES,TEMPE,AZ,MARICOPA,Non-Resident (Not Located in Texas),Corporation
30259,2016-03-03,2020-03-04,False,False,Expired Pharm,PHYSICIANS RX PHARMACY OF CLINTON INC,CLINTON,MD,PRINCE GEORGE'S,Non-Resident (Not Located in Texas),Corporation
30262,2016-03-03,2026-08-08,True,False,Active,M&A PHARMACY,ARLINGTON,TX,TARRANT,Community Pharmacy,LLC
30354,2016-03-03,2016-11-03,False,False,Active,PLUM CREEK SPECIALTY HOSPITAL,AMARILLO,TX,POTTER,Institutional Sterile Compounding,LLC
30517,2016-03-03,2026-08-08,True,False,Active,CVS/PHARMACY # 17438,HARKER HTS,TX,BELL,Community Pharmacy,Corporation
30535,2016-03-03,2026-08-08,True,False,Active,CVS/PHARMACY # 17606,KYLE,TX,HAYS,Community Pharmacy,Corporation
30547,2016-03-03,2026-08-08,True,False,Active,TEXAS ONCOLOGY PHARMACY - SAN ANTONIO,SAN ANTONIO,TX,BEXAR,Community Sterile Compounding,Corporation
30607,2016-03-03,2023-05-01,False,False,Active,PHARMACY TOI,IRVING,TX,DALLAS,Community Pharmacy,LLC
30641,2016-03-03,2026-08-08,True,False,Active,TX DEPT STATE HLTH SRVS PHARMACY ABILENE,ABILENE,TX,TAYLOR,Clinic,Government
30663,2016-03-03,2026-08-08,True,False,Active,TX DEPT STATE HLTH SRVS PHARMACY BELLVILLE,BELLVILLE,TX,AUSTIN,Clinic,Government
30693,2016-09-03,2025-07-01,False,False,Active,TYLER COMPLETE CARE,TYLER,TX,SMITH,Freestanding EMC,LLC
30703,2016-09-03,2018-03-03,False,False,Active,THE ER ON LOVERS LN,DALLAS,TX,DALLAS,Freestanding EMC,Partnership
30728,2016-09-03,2021-11-15,False,False,Active,ASPCARES,HOUSTON,TX,HARRIS,Community Pharmacy,Corporation
30743,2016-09-03,2026-08-08,True,False,Expired Pharm,CC PHARMACY,HOUSTON,TX,HARRIS,Community Pharmacy,LLC
30747,2016-09-03,2018-03-03,False,False,Active,AVERA SPECIALTY PHARMACY,SIOUX FALLS,SD,MINNEHAHA,Non-Resident (Not Located in Texas),Corporation
30778,2016-09-03,2020-03-04,False,False,Active,PROVIDENCE HOSPITAL OF NORTH HOUSTON LLC,HOUSTON,TX,HARRIS,Institutional (Hospital),LLC
30816,2016-09-03,2026-08-08,True,False,Active,TX DEPT STATE HLTH SRVS PHARMACY BRENHAM,BRENHAM,TX,WASHINGTON,Clinic,Government
30817,2016-09-03,2026-08-08,True,False,Active,TX DEPT STATE HLTH SRVS PHARMACY CENTERVILLE,CENTERVILLE,TX,LEON,Clinic,Government
30885,2016-09-03,2023-09-05,False,False,Active,PUBLIX SPECIALTY PHARMACY #3212,ORLANDO,FL,ORANGE,Non-Resident (Not Located in Texas),Corporation
31031,2016-11-03,2018-09-03,False,False,Active,STRIDENT PHARMACY LLC,MISSOURI CITY,TX,FORT BEND,Community Pharmacy,LLC
31045,2016-11-03,2026-08-08,True,False,Active,PAM REHABILITATION HOSPITAL OF BEAUMONT,BEAUMONT,TX,JEFFERSON,Institutional Sterile Compounding,LLC
31052,2016-11-03,2026-08-08,True,False,Active,ASCRIPT RX,ADDISON,TX,DALLAS,Community Pharmacy,Corporation
31124,2016-12-27,2017-10-17,False,False,Active,SOUTHSIDE PHARMACY 12,HUMBLE,TX,HARRIS,Community Pharmacy,LLC
31258,2017-03-03,2026-08-08,True,False,Active,SPRING HILL PHARMACY,LONGVIEW,TX,GREGG,Community Pharmacy,LLC
31261,2017-03-03,2020-03-04,False,False,Active,CLARX TAYLOR COUNTY PHARMACY,ABILENE,TX,TAYLOR,Community Pharmacy,LLC
31360,2017-07-22,2026-08-08,True,False,Active,KROGER PHARMACY #589,PROSPER,TX,COLLIN,Community Pharmacy,Partnership
31403,2017-07-22,2017-10-17,False,False,Active,PEOPLE'S COMMUNITY CLINIC - MANOR,MANOR,TX,TRAVIS,Clinic,Corporation
31438,2017-07-22,2022-01-04,False,False,Active,FAMILY PHARMACY 008,MAURICEVILLE,TX,ORANGE,Community Pharmacy,LLC
31483,2017-07-22,2024-09-04,False,False,Active,PHYSICIANS PREMIER,SPRING BRANCH,TX,COMAL,Freestanding EMC,LLC
31624,2017-10-17,2018-03-03,False,False,Active,NEIGHBORS EMERGENCY CENTER (LAKE JACKSON,LAKE JACKSON,TX,BRAZORIA,Freestanding EMC,Partnership
31643,2017-10-17,2022-03-05,False,False,Active,BAYLOR SCOTT & WHITE PHARMACY #112,SOUTHLAKE,TX,TARRANT,Community Pharmacy,Partnership
31728,2018-03-03,2019-03-03,False,False,Active,CYFAIR EMERGENCY & IMAGING CENTER - CYPR,CYPRESS,TX,HARRIS,Freestanding EMC,LLC
31754,2018-03-03,2019-09-04,False,False,Active,EXPRESS PHARMACY 4 LESS,PLANO,TX,COLLIN,Community Pharmacy,LLC
31802,2018-03-03,2026-08-08,True,False,Active,MEDONE PHARMACY SERVICES,DUBUQUE,IA,DUBUQUE,Non-Resident (Not Located in Texas),LLC
31847,2018-03-03,2021-04-26,False,False,Active,CHILDRENS HOSPITAL OF SAN ANTONIO EMERGE,SAN ANTONIO,TX,BEXAR,Freestanding EMC,Corporation
31883,2018-03-03,2020-03-04,False,False,Active,CAREZONE PHARMACY LLC,NASHVILLE,TN,DAVIDSON,Non-Resident (Not Located in Texas),LLC
31896,2018-05-17,2026-08-08,True,False,Active,SCHRAFTS 2.0,CEDAR KNOLLS,NJ,MORRIS,Non-Resident (Not Located in Texas),LLC
32107,2018-06-17,2026-08-08,True,False,Active,TRANSCRIPT PHARMACY,FLOWOOD,MS,RANKIN,Non-Resident (Not Located in Texas),Corporation
32132,2018-09-03,2022-09-05,False,False,Active,VANDERBILT HEALTH PHARMACY GROUP,NASHVILLE,TN,DAVIDSON,Non-Resident (Not Located in Texas),LLC
32234,2018-09-03,2025-07-01,False,False,Active,EXPRESS ER,ABILENE,TX,TAYLOR,Freestanding EMC,Partnership
32260,2019-03-03,2024-09-04,False,False,Active,THE DEWITT FAMILY PRACTICE,PERRYTON,TX,OCHILTREE,Clinic,Government
32296,2019-03-03,2026-08-08,True,False,Active,ZAZEN SURGERY CENTER LLC,KATY,TX,FORT BEND,Institutional (Hospital),LLC
32307,2019-03-03,2025-07-01,False,False,Active,"TEXAS HEALTH SURGERY CENTER OF IRVING, LLC",IRVING,TX,DALLAS,Institutional (Hospital),LLC
32378,2019-03-03,2021-04-26,False,False,Expired Pharm,FRANKLIN STREET PHARMACY,MONROE,NC,UNION,Non-Resident (Not Located in Texas),Corporation
32415,2019-03-03,2019-09-04,False,False,Active,ZEUS RX,FORNEY,TX,KAUFMAN,Community Pharmacy,LLC
32440,2019-03-03,2024-06-14,False,False,Expired Pharm,EZ PHARMACY GROUP LLC,ANGLETON,TX,BRAZORIA,Community Pharmacy,LLC
32472,2019-03-03,2026-08-08,True,False,Active,KAISER PERMANENTE STERLING AUTOMATED REFILL CENTER,STERLING,VA,LOUDOUN,Non-Resident (Not Located in Texas),Corporation
32486,2019-03-03,2021-04-26,False,False,Delinquent,LEGACY HEIGHTS PHARMACY,PLANO,TX,COLLIN,Community Pharmacy,LLC
32599,2019-09-04,2023-03-06,False,False,Active,HDM PHARMACY LLC,LEXINGTON,KY,FAYETTE,Non Resident Sterile Compounding,LLC
32725,2019-09-04,2026-08-08,True,False,Active,NORTHWEST EMERGENCY ON GEORGIA,AMARILLO,TX,RANDALL,Freestanding EMC,Corporation
32795,2019-09-04,2023-09-05,False,False,Active,SUREPOINT EMERGENCY CENTER PANTEGO,ARLINGTON,TX,TARRANT,Freestanding EMC,LLC
32816,2019-09-04,2026-08-08,True,False,Active,KELSEY PHARMACY,SUGAR LAND,TX,FORT BEND,Community Pharmacy,LLC
32948,2020-03-04,2026-08-08,True,False,Expired Pharm,BINH DAN PHARMACY,WESTMINSTER,CA,ORANGE,Non-Resident (Not Located in Texas),Corporation
33013,2020-03-04,2022-01-04,False,False,Active,RIVERS STATE PHARMACY,ROSENBERG,TX,FORT BEND,Community Pharmacy,LLC
33031,2020-03-04,2026-08-08,True,False,Active,HOWARD COUNTY COMMUNITY HEALTH CENTER PHARMACY,BIG SPRING,TX,HOWARD,Community Pharmacy,Corporation
33044,2020-03-04,2021-04-26,False,False,Active,DL PHARMACY,BRENHAM,TX,WASHINGTON,Community Pharmacy,LLC
33114,2020-03-04,2021-09-15,False,False,Active,24 WELLNESS RX,TYLER,TX,SMITH,Community Pharmacy,LLC
33138,2020-03-04,2025-04-18,False,False,Active,ALPHASCRIPT INC,SAN CARLOS,CA,SAN MATEO,Non-Resident (Not Located in Texas),Corporation
33232,2020-09-06,2026-08-08,True,False,Active,HEB SPECIALTY PHARMACY #701,SAN ANTONIO,TX,BEXAR,Community Pharmacy,Partnership
33234,2020-09-06,2026-08-08,True,False,Active,VIVMEDS PHARMACY CORPORATION,DENTON,TX,DENTON,Community Sterile Compounding,Corporation
33272,2020-09-06,2026-08-08,True,False,Active,CRAWFORD PHARMACY,ORANGE GROVE,TX,JIM WELLS,Community Pharmacy,LLC
33277,2020-09-06,2023-05-01,False,False,Active,LAKESHORE SURGICAL CENTER LLC,THE WOODLANDS,TX,MONTGOMERY,Institutional (Hospital),LLC
33282,2020-09-06,2021-04-26,False,False,Active,US VET MEDS,NOVATO,CA,MARIN,Non-Resident (Not Located in Texas),LLC
33330,2020-09-06,2023-09-05,False,False,Active,RECEPT PHARMACY #2,GRAPEVINE,TX,TARRANT,Central Processing Pharmacy,Partnership
33360,2020-09-06,2026-08-08,True,False,Active,STERLING PHARMACY,RUSTON,LA,LINCOLN,Non-Resident (Not Located in Texas),Corporation
33361,2020-09-06,2025-03-18,False,False,Active,"REMEDI SENIORCARE OF TAMPA, LLC",RIVERVIEW,FL,HILLSBOROUGH,Non Resident Sterile Compounding,LLC
33368,2020-09-06,2026-08-08,True,False,Active,TEXAS HEALTH JOINT REPLACEMENT SURGERY CENTER,FORT WORTH,TX,TARRANT,Institutional (Hospital),LLC
33522,2021-03-05,2022-09-05,False,False,Active,HARMONY PHARMACY LLC,STAFFORD,TX,FORT BEND,Community Pharmacy,LLC
33526,2021-03-05,2022-05-24,False,False,Active,A & M PHARMACY,ORLANDO,FL,ORANGE,Non-Resident (Not Located in Texas),LLC
33614,2021-03-05,2024-03-07,False,False,Active,GAINES PHARMACY,PLANO,TX,COLLIN,Community Pharmacy,LLC
33719,2021-04-26,2026-08-08,True,False,Active,WALGREENS #21351,MURPHY,TX,COLLIN,Community Pharmacy,Corporation
33724,2021-04-26,2026-08-08,True,False,Expired Pharm,GNO PHARMACY,MARRERO,LA,JEFFERSON,Non-Resident (Not Located in Texas),LLC
33747,2021-09-05,2026-08-08,True,False,Active,CVS/SPECIALTY OR CARELONRX SPECIALTY PHARMACY,MILFORD,MA,WORCESTER,Non-Resident (Not Located in Texas),LLC
33765,2021-09-05,2026-08-08,True,False,Active,KINNEY DRUGS CF,GOUVERNEUR,NY,ST. LAWRENCE,Non-Resident (Not Located in Texas),Corporation
33816,2021-09-05,2026-08-08,True,False,Active,GLENDALE PHARMACY,SAN ANTONIO,TX,BEXAR,Community Pharmacy,LLC
33827,2021-09-05,2022-05-24,False,False,Active,MANIFEST PHARMACY,GREER,SC,GREENVILLE,Non-Resident (Not Located in Texas),LLC
33886,2021-09-05,2025-07-01,False,False,Active,HARNESS HEALTH PHARMACY,MASON,OH,WARREN,Non-Resident (Not Located in Texas),LLC
33938,2021-09-05,2026-08-08,True,False,Active,SOLARA MEDICAL SUPPLIES LLC,CHULA VISTA,CA,SAN DIEGO,Non-Resident (Not Located in Texas),LLC
33959,2021-09-15,2022-05-24,False,False,Active,PIONEER PKWY PHARMACY,GRAND PRAIRIE,TX,DALLAS,Community Pharmacy,Corporation
33968,2021-11-15,2026-08-08,True,False,Active,VITAL CARE INFUSION SERVICES,SAN ANGELO,TX,TOM GREEN,Community Sterile Compounding,LLC
34017,2021-11-15,2022-05-24,False,False,Active,"HOMETOWN WELLNESS PHARMACY, INC",EAGLE PASS,TX,MAVERICK,Community Pharmacy,Corporation
34043,2021-11-15,2022-03-05,False,False,Active,SSRX CENTRAL PROCESSING,BELLAIRE,TX,HARRIS,Central Processing Pharmacy,LLC
34069,2022-01-04,2022-09-05,False,False,Active,LONE STAR ENDOSCOPY,AUSTIN,TX,TRAVIS,Institutional (Hospital),LLC
34190,2022-05-24,2026-08-08,True,False,Expired Pharm,SCRIPTWORKS PHARMACY,SUGAR LAND,TX,FORT BEND,Community Pharmacy,LLC
34230,2022-05-24,2022-09-05,False,False,Active,CARENOW PHARMACY,CARROLLTON,TX,DENTON,Community Pharmacy,LLC
34275,2022-05-24,2024-09-04,False,False,Active,LEGENT INSTITUTE FOR SPECIALIZED SURGERY,CONROE,TX,MONTGOMERY,Institutional (Hospital),LLC
34314,2022-09-05,2023-07-12,False,False,Active,TOTAL PHARMACY CENTER ONE,RICHMOND,TX,FORT BEND,Community Pharmacy,Corporation
34338,2022-09-05,2026-08-08,True,False,Active,COASTAL BEND WELLNESS PHARMACY,CORPUS CHRISTI,TX,NUECES,Community Pharmacy,Corporation
34342,2022-09-05,2026-08-08,True,False,Active,ISORX CYCLOTRON CENTER,LUBBOCK,TX,LUBBOCK,Nuclear Pharmacy,Partnership
34400,2022-09-05,2026-08-08,True,False,Active,VETSOURCE HOME DELIVERY,HARRISBURG,PA,DAUPHIN,Non-Resident (Not Located in Texas),Corporation
34403,2022-09-05,2026-08-08,True,False,Active,RAPIDCARE EMERGENCY ROOM,MISSOURI CITY,TX,FORT BEND,Freestanding EMC,LLC
34438,2023-03-06,2026-08-08,True,False,Active,PILL CRAFT PHARMACY,STAFFORD,TX,FORT BEND,Community Pharmacy,LLC
34516,2023-03-06,2026-08-08,True,False,Active,LIBERTY RX PHARMACY LLC,STAFFORD,TX,FORT BEND,Community Sterile Compounding,LLC
34600,2023-03-06,2026-08-08,True,False,Active,PERSONALIZED SKIN SOLUTIONS INC,IMPERIAL,PA,ALLEGHENY,Non-Resident (Not Located in Texas),Corporation
34640,2023-05-01,2025-07-01,False,False,Expired Pharm,QUALITYHEALTH PHARMACY,CHERRY HILL,NJ,CAMDEN,Non-Resident (Not Located in Texas),LLC
34694,2023-05-01,2026-08-08,True,False,Active,HAPPY HOOVES FAMILY PHARMACY,KERRVILLE,TX,KERR,Community Pharmacy,Corporation
34829,2023-08-08,2026-08-08,True,False,Active,OPTIMAL BALANCE PHARMACY LLC,HOUSTON,TX,HARRIS,Community Sterile Compounding,LLC
34852,2023-09-05,2026-08-08,True,False,Active,ER OF MESQUITE,MESQUITE,TX,DALLAS,Freestanding EMC,LLC
34904,2023-09-05,2026-08-08,True,False,Active,WALGREENS #21501,MABANK,TX,KAUFMAN,Community Pharmacy,Corporation
35046,2024-03-07,2026-08-08,True,False,Active,DC ALL CARE PHARMACY,MANVEL,TX,BRAZORIA,Community Pharmacy,LLC
35050,2024-03-07,2026-08-08,True,False,Active,HEB PHARMACY #801,FORT WORTH,TX,TARRANT,Community Pharmacy,Partnership
35134,2024-03-07,2024-09-04,False,False,Active,FARMACIA CENTRAL RX # 2203,VICTORIA,TX,VICTORIA,Clinic,LLC
35154,2024-03-07,2024-09-04,False,False,Active,FARMACIA CENTRAL RX # 11045,HOUSTON,TX,HARRIS,Clinic,LLC
35177,2024-03-07,2024-09-04,False,False,Active,FARMACIA CENTRAL RX # 737,HOUSTON,TX,HARRIS,Clinic,LLC
35208,2024-03-07,2024-09-04,False,False,Active,FARMACIA CENTRAL RX # 11135,HOUSTON,TX,HARRIS,Clinic,LLC
35214,2024-03-07,2026-08-08,True,False,Active,"HCA HOUSTON E/R 24/7, A DEPARTMENT OF HCA HOUSTON HEALTHCARE WES",HOUSTON,TX,HARRIS,Freestanding EMC,Partnership
35227,2024-03-07,2026-08-08,True,False,Active,"HCA HOUSTON E/R 24/7, A DEPARTMENT OF HCA HOUSTON HEALTHCARE WES",HOUSTON,TX,HARRIS,Freestanding EMC,Partnership
35258,2024-03-07,2026-08-08,True,False,Active,"NOBLESVILLE LOW COST PHARMACY, LLC",NOBLESVILLE,IN,HAMILTON,Non-Resident (Not Located in Texas),LLC
35304,2024-06-14,2026-08-08,True,False,Active,LEE SILSBY COMPOUNDING PHARMACY LLC,BEACHWOOD,OH,CUYAHOGA,Non Resident Sterile Compounding,LLC
35464,2024-09-03,2026-08-08,True,False,Active,MESILLA VALLEY PHARMACY & CONSULTING,LAS CRUCES,NM,DONA ANA,Non-Resident (Not Located in Texas),Corporation
35497,2025-03-18,2026-08-08,True,False,Active,PRIMA,NEW YORK,NY,NEW YORK,Non-Resident (Not Located in Texas),LLC
35586,2025-03-18,2025-07-01,False,False,Active,RICHARDSON SURGERY CENTER,RICHARDSON,TX,DALLAS,Institutional (Hospital),LLC
35594,2025-03-18,2026-08-08,True,False,Active,CANNERY PHARMACY SERVICES,LINDALE,TX,SMITH,Community Sterile Compounding,LLC
35613,2025-03-18,2026-08-08,True,False,Active,GREEN STONE RX,MIAMI,FL,MIAMI-DADE,Non Resident Sterile Compounding,LLC
35649,2025-03-18,2026-08-08,True,False,Active,UT HEALTH SAN ANTONIO MAYS CANCER CENTER PHARMACY,SAN ANTONIO,TX,BEXAR,Community Sterile Compounding,Government
35660,2025-03-18,2026-08-08,True,False,Active,WEST 35TH APOTHECARY LLC,NEW YORK,NY,NEW YORK,Non-Resident (Not Located in Texas),LLC
35680,2025-04-18,2026-08-08,True,False,Active,BAYLOR SCOTT & WHITE INSTITUTE FOR REHABILITATION - TEMPLE,TEMPLE,TX,BELL,Institutional (Hospital),LLC
35700,2025-04-18,2025-07-01,False,False,Active,SOWAL HEALTH & DRUG,MIRAMAR BEACH,FL,WALTON,Non-Resident (Not Located in Texas),Corporation
35744,2025-06-11,2026-08-08,True,False,Active,FARMACIA CENTRAL RX #3815,PORT ARTHUR,TX,JEFFERSON,Clinic,LLC
35762,2025-07-01,2026-08-08,True,False,Active,MCALLEN EMERGENCY ROOM,MCALLEN,TX,HIDALGO,Freestanding EMC,LLC
35819,2026-08-08,2026-08-08,True,False,Active,PRIME INFUSIONS,STAFFORD,TX,FORT BEND,Community Pharmacy,Corporation
35841,2026-08-08,2026-08-08,True,False,Active,GET RELIEF RX,BILLINGS,MT,YELLOWSTONE,Non-Resident (Not Located in Texas),LLC
35879,2026-08-08,2026-08-08,True,False,Active,COMPLETE EMERGENCY CARE,SAN ANTONIO,TX,BEXAR,Freestanding EMC,LLC
35892,2026-08-08,2026-08-08,True,False,Active,BROOKS CITY BASE COMPLETE CARE,SAN ANTONIO,TX,BEXAR,Freestanding EMC,LLC
35970,2026-08-08,2026-08-08,True,False,Active,HUNT REGIONAL MEDICAL CENTER AT ROYSE CITY,ROYSE CITY,TX,ROCKWALL,Institutional (Hospital),Government
36052,2026-08-08,2026-08-08,True,False,Active,BAYLOR SCOTT & WHITE SURGICARE AT WEATHERFORD,WEATHERFORD,TX,PARKER,Institutional (Hospital),LLC
36101,2026-08-08,2026-08-08,True,False,Active,HEB PHARMACY #817,IRVING,TX,DALLAS,Community Pharmacy,Partnership
36127,2026-08-08,2026-08-08,True,False,Active,"KAY SURGICAL CENTER, LLC",EDINBURG,TX,HIDALGO,Institutional (Hospital),LLC
541,2014-11-14,2026-08-08,True,False,Active,BAYLOR SCOTT & WHITE ALL SAINTS MEDICAL CENTER - FORT WORTH,FORT WORTH,TX,TARRANT,Institutional Sterile Compounding,Corporation
5764,2014-11-14,2026-08-08,True,False,Active,DOWNTOWN PHARMACY,WICHITA FALLS,TX,WICHITA,Community Pharmacy,Corporation
5901,2014-11-14,2026-08-08,True,False,Active,"PFENNIG'S PRESCRIPTION PHARMACY, INC.",TAYLOR,TX,WILLIAMSON,Community Pharmacy,Corporation
604,2014-11-14,2025-07-01,False,False,Active,CITY DRUG STORE OF YOAKUM INC.,YOAKUM,TX,LAVACA,Community Pharmacy,Corporation
7041,2014-11-14,2026-08-08,True,False,Active,CUERO-DEWITT COUNTY HEALTH DEPARTMENT,CUERO,TX,DE WITT,Clinic,Government
7098,2014-11-14,2026-08-08,True,False,Active,CITY OF EL PASO DEPARTMENT OF PUBLIC HEALTH,EL PASO,TX,EL PASO,Clinic,Government
7225,2014-11-14,2026-08-08,True,False,Active,PLANNED PARENTHOOD CAMERON COUNTY,BROWNSVILLE,TX,CAMERON,Clinic,Corporation
