state,source,window_from,window_to,license,event,name,city,last_status,issued,detail,relicense_of,nonresident
TX,tx-pharmacy-sites,2026-08-08,2026-08-15,22317,disappear,SUNRISE PHARMACY INC,CORPUS CHRISTI,Active,2002-09-16,last_status=Active,,
TX,tx-pharmacy-sites,2026-08-08,2026-08-15,30060,disappear,CARECHOICE PHARMACY,GARLAND,Active,2015-06-30,last_status=Active,,
TX,tx-pharmacy-sites,2026-08-08,2026-08-15,31905,disappear,SOUTH TEXAS SURGICAL INSTITUTE,SAN ANTONIO,Expired Pharm,2018-03-15,last_status=Expired Pharm,,
TX,tx-pharmacy-sites,2026-08-08,2026-08-15,33325,disappear,OK PHARMACY NORTH,DONNA,Active,2020-07-13,last_status=Active,,
TX,tx-pharmacy-sites,2026-08-08,2026-08-15,35650,disappear,SHEPHERD SPECIALTY PHARMACY LLC,DESOTO,Active,2025-02-28,last_status=Active,,
TX,tx-pharmacy-sites,2026-08-08,2026-08-15,36245,appear,AZ PHARMACY,FRIENDSWOOD,,2026-08-11,issued=2026-08-11,,
TX,tx-pharmacy-sites,2026-08-08,2026-08-15,36246,appear,HARRIS COUNTY PUBLIC HEALTH RIVERSIDE CLINIC,HOUSTON,,2026-08-11,issued=2026-08-11,,
TX,tx-pharmacy-sites,2026-08-08,2026-08-15,34802,status_change,EL PASO BAPTIST CLINIC,EL PASO,,2023-07-13,Probation -> Active,,
TX,tx-pharmacy-sites,2026-08-08,2026-08-15,36183,name_change,SHARP SURGERY CENTER,AUSTIN,,2026-06-04,SHARP SURGERY CENTER PHARMACY -> SHARP SURGERY CENTER,,
OH,pharm-oh,2026-08-08,2026-08-15,0232000652,appear,DARREN PHARMACY LLC,CLEVELAND,,2026-08-12,issued=2026-08-12,,
OH,pharm-oh,2026-08-08,2026-08-15,0232000653,appear,University Hospitals Cleveland Medical Center,PAINESVILLE,,2026-08-13,issued=2026-08-13,,
OH,pharm-oh,2026-08-08,2026-08-15,0242001116,appear,Indiana BloodWoRx,Indianapolis,,2026-08-13,issued=2026-08-13,,Y
OH,pharm-oh,2026-08-08,2026-08-15,0242001117,appear,Jubilant DraxImage Inc.,Crestwood,,2026-08-13,issued=2026-08-13,,Y
IL,pharm-il,2026-08-08,2026-08-15,054023391,appear,"OAKDELL COMPOUNDING PHARMACY, LLC",SAN ANTONIO,,2026-08-13,issued=2026-08-13,,Y
IL,pharm-il,2026-08-08,2026-08-15,054013588,status_change,MERCY HEALTH SERVICES LLC,MARYLAND HEIGHTS,,1997-03-13,ACTIVE -> CHANGE OF OWNERSHIP,,Y
IL,pharm-il,2026-08-08,2026-08-15,054018864,name_change,DRAGONFLY HEALTH RX INC,MEMPHIS,,2014-12-09,ENCLARA PHARMACIA INC -> DRAGONFLY HEALTH RX INC,,Y
IL,pharm-il,2026-08-08,2026-08-15,054020028,status_change,THE HILLS COMMUNITY PHARMACY INC,DEARBORN,,2016-11-16,NOT RENEWED -> ACTIVE,,Y
IL,pharm-il,2026-08-08,2026-08-15,054020053,status_change,WALGREEN CO,CHICAGO,,2016-08-26,ACTIVE -> CLOSED,,
IL,pharm-il,2026-08-08,2026-08-15,054021001,status_change,WALGREEN CO,ROCKFORD,,2019-01-15,ACTIVE -> CLOSED,,
IL,pharm-il,2026-08-08,2026-08-15,054022217,status_change,GRX HOLDINGS LLC,CLIVE,,2022-06-14,NOT RENEWED -> CHANGE OF OWNERSHIP,,Y
IL,pharm-il,2026-08-08,2026-08-15,054022648,name_change,POLARIS SPECIALTY PHARMACY LLC,ROCKAWAY,,2024-03-29,POLARIS SPECIALTY PHARMACY -> POLARIS SPECIALTY PHARMACY LLC,,Y
IL,pharm-il,2026-08-08,2026-08-15,054023397,status_change,QUALGEN LLC,EDMOND,,2026-01-14,ACTIVE -> INOPERATIVE,,Y
MA,pharm-ma,2026-08-08,2026-08-15,DS100624,appear,Walsh Pharmacy,Fall River,,2026-08-12,issued=2026-08-12,,
WV,pharm-wv,2026-08-08,2026-08-15,NP0553258,disappear,Ansted Center,Ansted,Active,,last_status=Active,EP0553850,
WV,pharm-wv,2026-08-08,2026-08-15,EP0553850,appear,Ansted Post Acute,Ansted,,,,,
WV,pharm-wv,2026-08-08,2026-08-15,MO0562366,appear,"West Virginia University Hospitals, inc",Morgantown,,,,,
WV,pharm-wv,2026-08-08,2026-08-15,MO0562369,appear,TAM Pharmacy LLC,Nashville,,,,,Y
WV,pharm-wv,2026-08-08,2026-08-15,MO0562370,appear,"Evolutionary Pharmacy Solutions, LLC",Farmers Branch,,,,,Y
WV,pharm-wv,2026-08-08,2026-08-15,MO0562371,appear,Jubilant DraxImage Inc.,Crestwood,,,,,Y
WV,pharm-wv,2026-08-08,2026-08-15,MO0562372,appear,"Senior Life Pharmacy GA, LLC",Thomasville,,,,,Y
CO,pharm-co,2026-08-08,2026-08-15,1680000332,appear,Genoa Healthcare LLC,Colorado Springs,,2026-08-13,issued=2026-08-13,,
CO,pharm-co,2026-08-08,2026-08-15,1680000241,name_change,Intermountain Health Infusion Center - Golden,Golden,,2022-01-14,Lutheran Hospital - Cancer Centers of CO Infusion Center -> Intermountain Health Infusion Center - Golden,,
CT,pharm-ct-in,2026-08-08,2026-08-15,PCY.0000236,relist,HEALTH COMPLEX PHARMACY,WATERTOWN,,2005-07-01,issued=2005-07-01,,
CT,pharm-ct-in,2026-08-08,2026-08-15,PCY.0000767,appear,SLAVINS-HANCOCK PHARMACY INC,STAMFORD,,,,,
CT,pharm-ct-in,2026-08-08,2026-08-15,PCY.0000897,appear,HANCOCK'S PHARMACY AND SURGICAL CENTER,MERIDEN,,,,,
CT,pharm-ct-in,2026-08-08,2026-08-15,PCY.0000956,relist,WALGREENS #09821,NEW CANAAN,,2008-07-21,issued=2008-07-21,,
CT,pharm-ct-in,2026-08-08,2026-08-15,PCY.0000960,relist,WALGREENS #07333,WILLIMANTIC,,2004-06-28,issued=2004-06-28,,
CT,pharm-ct-in,2026-08-08,2026-08-15,PCY.0001203,relist,BIG Y PHARMACY #61,GROTON,,2004-09-01,issued=2004-09-01,,
CT,pharm-ct-in,2026-08-08,2026-08-15,PCY.0001238,relist,WALGREENS #06968,DANBURY,,2004-09-01,issued=2004-09-01,,
CT,pharm-ct-in,2026-08-08,2026-08-15,PCY.0001242,appear,CVS PHARMACY #760,NEW BRITAIN,,2026-09-01,issued=2026-09-01,,
CT,pharm-ct-in,2026-08-08,2026-08-15,PCY.0001288,appear,BIG Y PHARMACY #31,DANIELSON,,,,,
CT,pharm-ct-in,2026-08-08,2026-08-15,PCY.0001313,relist,WALGREENS #07584,WEST HAVEN,,2004-03-30,issued=2004-03-30,,
CT,pharm-ct-in,2026-08-08,2026-08-15,PCY.0001343,relist,CVS PHARMACY #1051,STAMFORD,,2006-09-01,issued=2006-09-01,,
CT,pharm-ct-in,2026-08-08,2026-08-15,PCY.0001395,relist,WALGREENS #02410,HAMDEN,,2004-09-01,issued=2004-09-01,,
CT,pharm-ct-in,2026-08-08,2026-08-15,PCY.0001396,relist,WALGREENS #09071,NORTH HAVEN,,2004-09-01,issued=2004-09-01,,
CT,pharm-ct-in,2026-08-08,2026-08-15,PCY.0001427,relist,WALGREENS #07585,NEW BRITAIN,,2001-07-01,issued=2001-07-01,,
CT,pharm-ct-in,2026-08-08,2026-08-15,PCY.0001465,relist,WALGREENS #09784,EAST HARTFORD,,2004-03-30,issued=2004-03-30,,
CT,pharm-ct-in,2026-08-08,2026-08-15,PCY.0001493,relist,COSTCO PHARMACY #313,WATERBURY,,2005-09-01,issued=2005-09-01,,
CT,pharm-ct-in,2026-08-08,2026-08-15,PCY.0001647,appear,BIG Y PHARMACY #5,MYSTIC,,,,,
CT,pharm-ct-in,2026-08-08,2026-08-15,PCY.0001685,appear,CVS PHARMACY #1166,WINDSOR,,2026-09-01,issued=2026-09-01,,
CT,pharm-ct-in,2026-08-08,2026-08-15,PCY.0001788,relist,BIG Y PHARMACY #60,EAST WINDSOR,,2001-10-09,issued=2001-10-09,,
CT,pharm-ct-in,2026-08-08,2026-08-15,PCY.0001810,relist,WALGREENS #06503,MILFORD,,2002-08-15,issued=2002-08-15,,
CT,pharm-ct-in,2026-08-08,2026-08-15,PCY.0001811,relist,WALGREENS #07086,PLAINVILLE,,2002-08-07,issued=2002-08-07,,
CT,pharm-ct-in,2026-08-08,2026-08-15,PCY.0001816,relist,WALGREENS  #06654,MANCHESTER,,2002-11-06,issued=2002-11-06,,
CT,pharm-ct-in,2026-08-08,2026-08-15,PCY.0001838,relist,WALGREENS #06757,RIVERSIDE,,2003-08-25,issued=2003-08-25,,
CT,pharm-ct-in,2026-08-08,2026-08-15,PCY.0001839,relist,BIG Y PHARMACY #45,MANCHESTER,,2005-09-01,issued=2005-09-01,,
CT,pharm-ct-in,2026-08-08,2026-08-15,PCY.0001844,relist,WALGREENS #07145,WESTPORT,,2004-01-14,issued=2004-01-14,,
CT,pharm-ct-in,2026-08-08,2026-08-15,PCY.0001855,relist,WALGREENS #07522,BRIDGEPORT,,2004-01-14,issued=2004-01-14,,
CT,pharm-ct-in,2026-08-08,2026-08-15,PCY.0001856,relist,WALGREENS #06992,VERNON ROCKVILLE,,2004-03-12,issued=2004-03-12,,
CT,pharm-ct-in,2026-08-08,2026-08-15,PCY.0001863,relist,BIG Y PHARMACY #34,Mansfield Center,,2004-04-29,issued=2004-04-29,,
CT,pharm-ct-in,2026-08-08,2026-08-15,PCY.0001874,relist,WALGREENS #07602,MONROE,,2004-08-10,issued=2004-08-10,,
CT,pharm-ct-in,2026-08-08,2026-08-15,PCY.0001891,relist,WALGREENS #07814,CLINTON,,2004-08-26,issued=2004-08-26,,
CT,pharm-ct-in,2026-08-08,2026-08-15,PCY.0001900,relist,WALGREENS #07759,GROTON,,2004-10-29,issued=2004-10-29,,
CT,pharm-ct-in,2026-08-08,2026-08-15,PCY.0001901,relist,WALGREENS #07641,SOUTHINGTON,,2005-02-09,issued=2005-02-09,,
CT,pharm-ct-in,2026-08-08,2026-08-15,PCY.0001922,relist,WALGREENS #07258,SOUTHBURY,,2005-07-18,issued=2005-07-18,,
CT,pharm-ct-in,2026-08-08,2026-08-15,PCY.0001943,relist,WALGREENS #06914,NEW HAVEN,,2005-03-10,issued=2005-03-10,,
CT,pharm-ct-in,2026-08-08,2026-08-15,PCY.0001975,relist,BIG Y PHARMACY #30,NORWICH,,2005-05-20,issued=2005-05-20,,
CT,pharm-ct-in,2026-08-08,2026-08-15,PCY.0001983,relist,BIG Y PHARMACY #81,TOLLAND,,2005-07-08,issued=2005-07-08,,
CT,pharm-ct-in,2026-08-08,2026-08-15,PCY.0002012,relist,WALGREENS #07047,NEWINGTON,,2006-01-17,issued=2006-01-17,,
CT,pharm-ct-in,2026-08-08,2026-08-15,PCY.0002041,relist,BIG Y PHARMACY #73,ELLINGTON,,2006-08-04,issued=2006-08-04,,
CT,pharm-ct-in,2026-08-08,2026-08-15,PCY.0002059,relist,WALGREENS #09521,BRIDGEPORT,,2006-08-23,issued=2006-08-23,,
CT,pharm-ct-in,2026-08-08,2026-08-15,PCY.0002060,relist,WALGREENS #09612,SHELTON,,2006-06-19,issued=2006-06-19,,
CT,pharm-ct-in,2026-08-08,2026-08-15,PCY.0002061,relist,WALGREENS #09101,HAMDEN,,2006-06-27,issued=2006-06-27,,
CT,pharm-ct-in,2026-08-08,2026-08-15,PCY.0002076,relist,WALGREENS #09432,ENFIELD,,2007-01-18,issued=2007-01-18,,
CT,pharm-ct-in,2026-08-08,2026-08-15,PCY.0002078,relist,BIG Y PHARMACY #82,BETHEL,,2007-03-21,issued=2007-03-21,,
CT,pharm-ct-in,2026-08-08,2026-08-15,PCY.0002093,relist,BIG Y PHARMACY #17,STAFFORD SPRINGS,,2007-06-21,issued=2007-06-21,,
CT,pharm-ct-in,2026-08-08,2026-08-15,PCY.0002101,relist,WALGREENS #09818,CROMWELL,,2007-11-15,issued=2007-11-15,,
CT,pharm-ct-in,2026-08-08,2026-08-15,PCY.0002102,relist,BIG Y PHARMACY #87,NORTH BRANFORD,,2008-01-23,issued=2008-01-23,,
CT,pharm-ct-in,2026-08-08,2026-08-15,PCY.0002103,relist,BIG Y # 84,STRATFORD,,2008-01-23,issued=2008-01-23,,
CT,pharm-ct-in,2026-08-08,2026-08-15,PCY.0002106,relist,WALGREENS #09820,MERIDEN,,2008-02-19,issued=2008-02-19,,
CT,pharm-ct-in,2026-08-08,2026-08-15,PCY.0002109,relist,BIG Y #59,TORRINGTON,,2008-04-22,issued=2008-04-22,,
CT,pharm-ct-in,2026-08-08,2026-08-15,PCY.0002127,relist,WALGREENS #09746,WINDSOR LOCKS,,2009-02-27,issued=2009-02-27,,
CT,pharm-ct-in,2026-08-08,2026-08-15,PCY.0002160,relist,BIG Y  PHARMACY #56,NEW MILFORD,,2010-02-23,issued=2010-02-23,,
CT,pharm-ct-in,2026-08-08,2026-08-15,PCY.0002193,relist,BIG Y PHARMACY #32,NAUGATUCK,,2010-10-27,issued=2010-10-27,,
CT,pharm-ct-in,2026-08-08,2026-08-15,PCY.0002197,relist,HOPE CHARITIABLE PHARMACY OF GREATER BRIDGEPORT,BRIDGEPORT,,2011-04-13,issued=2011-04-13,,
CT,pharm-ct-in,2026-08-08,2026-08-15,PCY.0002208,relist,ENGLISH APOTHECARY,BETHEL,,2011-07-19,issued=2011-07-19,,
CT,pharm-ct-in,2026-08-08,2026-08-15,PCY.0002211,relist,HANCOCK PHARMACY AT LONG WHARF INC,NEW HAVEN,,2011-06-07,issued=2011-06-07,,
CT,pharm-ct-in,2026-08-08,2026-08-15,PCY.0002226,relist,CVS PHARMACY #6702,GREENWICH,,2012-01-05,issued=2012-01-05,,
CT,pharm-ct-in,2026-08-08,2026-08-15,PCY.0002237,relist,ST VINCENTS OUTPATIENT PHARMACY,BRIDGEPORT,,2012-07-17,issued=2012-07-17,,
CT,pharm-ct-in,2026-08-08,2026-08-15,PCY.0002256,relist,HANCOCK PHARMACY III LLC,BRIDGEPORT,,2013-07-09,issued=2013-07-09,,
CT,pharm-ct-in,2026-08-08,2026-08-15,PCY.0002262,relist,CHAPEL STREET PHARMACY,NEW HAVEN,,2013-04-23,issued=2013-04-23,,
CT,pharm-ct-in,2026-08-08,2026-08-15,PCY.0002278,relist,CVS PHARMACY #7856,NORWALK,,2013-09-19,issued=2013-09-19,,
CT,pharm-ct-in,2026-08-08,2026-08-15,PCY.0002294,relist,WEST HAVEN PHARMACY,WEST HAVEN,,2014-06-24,issued=2014-06-24,,
CT,pharm-ct-in,2026-08-08,2026-08-15,PCY.0002295,relist,BIG Y WORLD CLASS MARKET #58,OLD SAYBROOK,,2014-07-18,issued=2014-07-18,,
CT,pharm-ct-in,2026-08-08,2026-08-15,PCY.0002341,relist,COMMUNITY HEALTH PHARMACY LLC,NEW HAVEN,,2016-10-03,issued=2016-10-03,,
CT,pharm-ct-in,2026-08-08,2026-08-15,PCY.0002374,relist,DEPARTMENT OF VETERANS AFFAIRS PHARMACY,ROCKY HILL,,2018-07-25,issued=2018-07-25,,
CT,pharm-ct-in,2026-08-08,2026-08-15,PCY.0002377,relist,BIG Y PHARMACY #109,MARLBOROUGH,,2018-12-11,issued=2018-12-11,,
CT,pharm-ct-in,2026-08-08,2026-08-15,PCY.0002386,relist,BLACK ROCK PHARMACY LLC,FAIRFIELD,,2019-03-18,issued=2019-03-18,,
CT,pharm-ct-in,2026-08-08,2026-08-15,PCY.0002418,relist,MILFORD PHARMACY AND HOME CARE INC,MILFORD,,2020-10-08,issued=2020-10-08,,
CT,pharm-ct-in,2026-08-08,2026-08-15,PCY.0002435,relist,WESTON PHARMACY LLC,WESTON,,2021-08-06,issued=2021-08-06,,
CT,pharm-ct-in,2026-08-08,2026-08-15,PCY.0002442,relist,UNITY PHARMACY LLC,NEW HAVEN,,2021-12-27,issued=2021-12-27,,
CT,pharm-ct-in,2026-08-08,2026-08-15,PCY.0002463,relist,WOLCOTT PHARMACY,WOLCOTT,,2023-01-26,issued=2023-01-26,,
CT,pharm-ct-in,2026-08-08,2026-08-15,PCY.0002507,relist,WESTPORT PHARMACY LLC,WESTPORT,,2025-08-28,issued=2025-08-28,,
CT,pharm-ct-in,2026-08-08,2026-08-15,PCY.0002443,name_change,"FAIR HAVEN COMMUNITY HEALTH CLINIC, INC.",BRANFORD,,2022-02-01,"FAIR HAVEN COMMUNITY HEALTH CARE AT 50 GRAND -> FAIR HAVEN COMMUNITY HEALTH CLINIC, INC.",,
CT*,pharm-ct-out,2026-08-08,2026-08-15,PCN.0003937,disappear,OPTUM INFUSION SERVICES 500 INC,HOUSTON,ACTIVE,2021-04-06,last_status=ACTIVE,,Y
CT*,pharm-ct-out,2026-08-08,2026-08-15,PCN.0000238,relist,ACCREDO HEALTH GROUP INC,MARLBOROUGH,,2005-09-01,issued=2005-09-01,,Y
CT*,pharm-ct-out,2026-08-08,2026-08-15,PCN.0000285,relist,WALGREENS MAIL SERVICE #03397,TEMPE,,2006-06-09,issued=2006-06-09,,Y
CT*,pharm-ct-out,2026-08-08,2026-08-15,PCN.0000290,relist,WALGREENS SPECIALTY PHARMACY #15443,FRISCO,,1999-12-15,issued=1999-12-15,,Y
CT*,pharm-ct-out,2026-08-08,2026-08-15,PCN.0000334,relist,ABBVIE ENDOCRINOLOGY INC.,NORTH CHICAGO,,2000-09-01,issued=2000-09-01,,Y
CT*,pharm-ct-out,2026-08-08,2026-08-15,PCN.0000569,relist,WALGREENS SPECIALTY PHARMACY #16287,PITTSBURGH,,2003-10-07,issued=2003-10-07,,Y
CT*,pharm-ct-out,2026-08-08,2026-08-15,PCN.0000575,appear,"MEDVANTX, INC",SIOUX FALLS,,,,,Y
CT*,pharm-ct-out,2026-08-08,2026-08-15,PCN.0000652,relist,"WALGREENS.COM, INC.",ORLANDO,,2004-10-18,issued=2004-10-18,,Y
CT*,pharm-ct-out,2026-08-08,2026-08-15,PCN.0000693,relist,WALGREENS SPECIALTY PHARMACY #16280,FRISCO,,2005-03-30,issued=2005-03-30,,Y
CT*,pharm-ct-out,2026-08-08,2026-08-15,PCN.0000772,relist,HEALIX INFUSION THERAPY LLC,SUGAR LAND,,2006-05-11,issued=2006-05-11,,Y
CT*,pharm-ct-out,2026-08-08,2026-08-15,PCN.0000853,relist,ACCREDO HEALTH GROUP INC,NEWARK,,2007-03-28,issued=2007-03-28,,Y
CT*,pharm-ct-out,2026-08-08,2026-08-15,PCN.0000861,relist,ROOD AND RIDDLE VETERINARY PHARMACY LLC,LEXINGTON,,2007-03-28,issued=2007-03-28,,Y
CT*,pharm-ct-out,2026-08-08,2026-08-15,PCN.0000878,relist,ITC COMPOUDING & NATURAL WELLNESS PHARMACY,CASTLE ROCK,,2007-09-01,issued=2007-09-01,,Y
CT*,pharm-ct-out,2026-08-08,2026-08-15,PCN.0000883,relist,WALGREENS SPECIALTY PHARMACY #15438,CANTON,,2007-09-01,issued=2007-09-01,,Y
CT*,pharm-ct-out,2026-08-08,2026-08-15,PCN.0001022,relist,BCP VETERINARY PHARMACY,HOUSTON,,2009-03-25,issued=2009-03-25,,Y
CT*,pharm-ct-out,2026-08-08,2026-08-15,PCN.0002076,relist,JUNGLE JIM'S PHARMACY,FAIRFIELD,,2009-03-25,issued=2009-03-25,,Y
CT*,pharm-ct-out,2026-08-08,2026-08-15,PCN.0002129,relist,ELITE COMPOUNDING PHARMACY,COCONUT CREEK,,2009-11-18,issued=2009-11-18,,Y
CT*,pharm-ct-out,2026-08-08,2026-08-15,PCN.0002154,relist,ACC APOTHECARY,NEWTON,,2010-02-24,issued=2010-02-24,,Y
CT*,pharm-ct-out,2026-08-08,2026-08-15,PCN.0002262,relist,NEW ERA PHARMACY,PORTLAND,,2011-05-25,issued=2011-05-25,,Y
CT*,pharm-ct-out,2026-08-08,2026-08-15,PCN.0002270,relist,TRANSDERMAL THERAPEUTICS INC,HOMEWOOD,,2011-06-29,issued=2011-06-29,,Y
CT*,pharm-ct-out,2026-08-08,2026-08-15,PCN.0002284,relist,EASTSIDE PHARMACY INC,NEW YORK,,2011-09-28,issued=2011-09-28,,Y
CT*,pharm-ct-out,2026-08-08,2026-08-15,PCN.0002354,relist,TRIAD RX BUYER LLC,DAPHNE,,2012-04-25,issued=2012-04-25,,Y
CT*,pharm-ct-out,2026-08-08,2026-08-15,PCN.0002365,relist,DIVYO HEALTH SOLUTIONS INC,ROME,,2012-06-01,issued=2012-06-01,,Y
CT*,pharm-ct-out,2026-08-08,2026-08-15,PCN.0002451,relist,WESTERN MASS COMPOUNDING & PALLIATIVE CARE INC,WEST SPRINGFIELD,,2014-02-20,issued=2014-02-20,,Y
CT*,pharm-ct-out,2026-08-08,2026-08-15,PCN.0002503,relist,RYE BEACH PHARMACY,RYE,,2013-06-28,issued=2013-06-28,,Y
CT*,pharm-ct-out,2026-08-08,2026-08-15,PCN.0002551,relist,PROACT PHARMACY SERVICES INC,GOUVERNEUR,,2014-03-20,issued=2014-03-20,,Y
CT*,pharm-ct-out,2026-08-08,2026-08-15,PCN.0002556,relist,ACTON PHARMACY INC,ACTON,,2013-11-01,issued=2013-11-01,,Y
CT*,pharm-ct-out,2026-08-08,2026-08-15,PCN.0002663,relist,WALGREEN # 4580-2,MIRAMAR,,2014-02-20,issued=2014-02-20,,Y
CT*,pharm-ct-out,2026-08-08,2026-08-15,PCN.0002675,relist,GOGOMEDS WEST,SCOTTSDALE,,2014-03-19,issued=2014-03-19,,Y
CT*,pharm-ct-out,2026-08-08,2026-08-15,PCN.0002767,relist,CEDRA PHARMACY,BRONX,,2014-08-25,issued=2014-08-25,,Y
CT*,pharm-ct-out,2026-08-08,2026-08-15,PCN.0002781,relist,COMPOUNDING DOCS INC.,BOCA RATON,,2014-08-25,issued=2014-08-25,,Y
CT*,pharm-ct-out,2026-08-08,2026-08-15,PCN.0002930,relist,HOMESCRIPTS.COM LLC,SHELBY TOWNSHIP,,2015-05-26,issued=2015-05-26,,Y
CT*,pharm-ct-out,2026-08-08,2026-08-15,PCN.0002965,relist,904 PROSPECT PHARMACY INC,BRONX,,2015-08-25,issued=2015-08-25,,Y
CT*,pharm-ct-out,2026-08-08,2026-08-15,PCN.0003079,relist,TREMONT CHEMISTS INC,BRONX,,2016-03-24,issued=2016-03-24,,Y
CT*,pharm-ct-out,2026-08-08,2026-08-15,PCN.0003085,relist,WINGATE'S PHARMACY,NASHUA,,2016-06-17,issued=2016-06-17,,Y
CT*,pharm-ct-out,2026-08-08,2026-08-15,PCN.0003097,relist,ALLCARE SPECIALTY PHARMACY LLC,LITTLE ROCK,,2016-04-25,issued=2016-04-25,,Y
CT*,pharm-ct-out,2026-08-08,2026-08-15,PCN.0003137,relist,HERITAGE SPECIALTY PHARMACY,LEES SUMMIT,,2016-09-01,issued=2016-09-01,,Y
CT*,pharm-ct-out,2026-08-08,2026-08-15,PCN.0003144,relist,CAREFIRST SPECIALTY PHARMACY,MOUNT LAUREL,,2016-08-18,issued=2016-08-18,,Y
CT*,pharm-ct-out,2026-08-08,2026-08-15,PCN.0003167,relist,AHMA RX,NEW YORK,,2016-10-20,issued=2016-10-20,,Y
CT*,pharm-ct-out,2026-08-08,2026-08-15,PCN.0003208,relist,WALGREENS,CHANDLER,,2017-01-20,issued=2017-01-20,,Y
CT*,pharm-ct-out,2026-08-08,2026-08-15,PCN.0003279,relist,PHARMAPLUS PHARMACY,JACKSON,,2017-05-22,issued=2017-05-22,,Y
CT*,pharm-ct-out,2026-08-08,2026-08-15,PCN.0003284,relist,"PERIGON PHARMACY 360, LLC",CORAOPOLIS,,2017-05-22,issued=2017-05-22,,Y
CT*,pharm-ct-out,2026-08-08,2026-08-15,PCN.0003351,relist,KNIPPERX INC,CHARLESTOWN,,2017-11-17,issued=2017-11-17,,Y
CT*,pharm-ct-out,2026-08-08,2026-08-15,PCN.0003467,relist,HILLCREST PHARMACY LLC,MIDVALE,,2018-04-30,issued=2018-04-30,,Y
CT*,pharm-ct-out,2026-08-08,2026-08-15,PCN.0003485,relist,MIXLAB INC,NEW YORK,,2018-05-17,issued=2018-05-17,,Y
CT*,pharm-ct-out,2026-08-08,2026-08-15,PCN.0003496,relist,MIRRA PHARMACY CORP,WHITE PLAINS,,2018-06-26,issued=2018-06-26,,Y
CT*,pharm-ct-out,2026-08-08,2026-08-15,PCN.0003539,relist,"MIXLAB TX, LLC",WEATHERFORD,,2018-09-28,issued=2018-09-28,,Y
CT*,pharm-ct-out,2026-08-08,2026-08-15,PCN.0003543,relist,INVICTUS PHARMACY,ROCHELLE PARK,,2018-09-28,issued=2018-09-28,,Y
CT*,pharm-ct-out,2026-08-08,2026-08-15,PCN.0003547,relist,PHARMANEEK,INDIANAPOLIS,,2018-09-28,issued=2018-09-28,,Y
CT*,pharm-ct-out,2026-08-08,2026-08-15,PCN.0003562,relist,MMAZ CHEMISTS INC,NEW YORK,,2018-12-04,issued=2018-12-04,,Y
CT*,pharm-ct-out,2026-08-08,2026-08-15,PCN.0003578,relist,ENOVEX PHARMACY,GLENDALE,,2019-01-31,issued=2019-01-31,,Y
CT*,pharm-ct-out,2026-08-08,2026-08-15,PCN.0003607,relist,QUICK MART PHARMACY & CONVENIENCE LLC,MILLTOWN,,2019-03-25,issued=2019-03-25,,Y
CT*,pharm-ct-out,2026-08-08,2026-08-15,PCN.0003616,relist,MC RX INC,MOUNT KISCO,,2019-04-24,issued=2019-04-24,,Y
CT*,pharm-ct-out,2026-08-08,2026-08-15,PCN.0003650,relist,UVM MEDICAL CENTER OUTPATIENT PHARMACY,BURLINGTON,,2019-04-25,issued=2019-04-25,,Y
CT*,pharm-ct-out,2026-08-08,2026-08-15,PCN.0003676,relist,ACCREDO HEALTH GROUP INC,TEMPE,,2019-06-27,issued=2019-06-27,,Y
CT*,pharm-ct-out,2026-08-08,2026-08-15,PCN.0003689,relist,SIMPLE RX PHARMACY,ARLINGTON,,2019-07-02,issued=2019-07-02,,Y
CT*,pharm-ct-out,2026-08-08,2026-08-15,PCN.0003720,relist,866 EAST TREMONT PHARMACY LLC,BRONX,,2019-10-24,issued=2019-10-24,,Y
CT*,pharm-ct-out,2026-08-08,2026-08-15,PCN.0003767,relist,MAGNOLIA PHARMACY,CUMMING,,2020-06-18,issued=2020-06-18,,Y
CT*,pharm-ct-out,2026-08-08,2026-08-15,PCN.0003771,relist,HILL DERM PHARMACY INC,SANFORD,,2020-03-17,issued=2020-03-17,,Y
CT*,pharm-ct-out,2026-08-08,2026-08-15,PCN.0003809,relist,RELIANT CARE SOLUTIONS,FEASTERVILLE-TREVOSE,,2020-07-31,issued=2020-07-31,,Y
CT*,pharm-ct-out,2026-08-08,2026-08-15,PCN.0003822,relist,1ST CHOICE PHARMACY,HOLIDAY,,2021-01-28,issued=2021-01-28,,Y
CT*,pharm-ct-out,2026-08-08,2026-08-15,PCN.0003858,relist,TRINITY COMPOUNDING EXPERTS LLC,FORT MYERS,,2021-04-27,issued=2021-04-27,,Y
CT*,pharm-ct-out,2026-08-08,2026-08-15,PCN.0003868,relist,BRAUN PHARMA LLC,CHICAGO,,2021-10-25,issued=2021-10-25,,Y
CT*,pharm-ct-out,2026-08-08,2026-08-15,PCN.0003908,relist,EXPRESS RX LLC,HOUSTON,,2021-02-03,issued=2021-02-03,,Y
CT*,pharm-ct-out,2026-08-08,2026-08-15,PCN.0003931,relist,MEDONE PHARMACY SERVICES,DUBUQUE,,2021-04-06,issued=2021-04-06,,Y
CT*,pharm-ct-out,2026-08-08,2026-08-15,PCN.0003963,relist,ADELAIDE APOTHECARY,LEXINGTON,,2021-06-01,issued=2021-06-01,,Y
CT*,pharm-ct-out,2026-08-08,2026-08-15,PCN.0003982,relist,VALOR COMPOUNDING PHARMACY,BERKELEY,,2021-11-22,issued=2021-11-22,,Y
CT*,pharm-ct-out,2026-08-08,2026-08-15,PCN.0003984,relist,PAXON PRESCRIPTION CENTER,JACKSONVILLE,,2021-09-01,issued=2021-09-01,,Y
CT*,pharm-ct-out,2026-08-08,2026-08-15,PCN.0003987,relist,THE MOUNT SINAI HOSPITAL,NEW YORK,,2022-03-31,issued=2022-03-31,,Y
CT*,pharm-ct-out,2026-08-08,2026-08-15,PCN.0003999,relist,MIXLAB INC,LOS ANGELES,,2022-01-18,issued=2022-01-18,,Y
CT*,pharm-ct-out,2026-08-08,2026-08-15,PCN.0004008,relist,TRILLIUM HEALTH PHARMACY,ROCHESTER,,2022-01-18,issued=2022-01-18,,Y
CT*,pharm-ct-out,2026-08-08,2026-08-15,PCN.0004053,relist,PURAMINT LLC,RALEIGH,,2022-03-31,issued=2022-03-31,,Y
CT*,pharm-ct-out,2026-08-08,2026-08-15,PCN.0004071,relist,SPECTRUM SOLUTIONS RX,DRAPER,,2022-04-29,issued=2022-04-29,,Y
CT*,pharm-ct-out,2026-08-08,2026-08-15,PCN.0004085,relist,ACCREDO HEALTH GROUP INC,WHITESTOWN,,2022-05-04,issued=2022-05-04,,Y
CT*,pharm-ct-out,2026-08-08,2026-08-15,PCN.0004089,relist,WOOD DALE PHARMACY,WOOD DALE,,2022-05-09,issued=2022-05-09,,Y
CT*,pharm-ct-out,2026-08-08,2026-08-15,PCN.0004103,relist,ST. LUKE'S ROOSEVELT HOSPITAL CENTER,NEW YORK,,2022-06-30,issued=2022-06-30,,Y
CT*,pharm-ct-out,2026-08-08,2026-08-15,PCN.0004171,relist,MEDROCK TN LLC,CHATTANOOGA,,2023-06-20,issued=2023-06-20,,Y
CT*,pharm-ct-out,2026-08-08,2026-08-15,PCN.0004212,relist,ALTRUIX,TREVOSE,,2023-11-21,issued=2023-11-21,,Y
CT*,pharm-ct-out,2026-08-08,2026-08-15,PCN.0004222,relist,SBH MEDICAL LTD,COLUMBUS,,2024-08-28,issued=2024-08-28,,Y
CT*,pharm-ct-out,2026-08-08,2026-08-15,PCN.0004227,relist,MONTEFIORE COMMUNITY PHARMACY @ MOSES,BRONX,,2023-08-24,issued=2023-08-24,,Y
CT*,pharm-ct-out,2026-08-08,2026-08-15,PCN.0004229,relist,MEDMETRICS PHARMACY LLC,CHANDLER,,2025-05-01,issued=2025-05-01,,Y
CT*,pharm-ct-out,2026-08-08,2026-08-15,PCN.0004230,relist,THE MOUNT SINAI HOSPITAL,NEW YORK,,2023-08-24,issued=2023-08-24,,Y
CT*,pharm-ct-out,2026-08-08,2026-08-15,PCN.0004240,relist,CLASSIC COMPOUNDING PHARMACY LLC,YORK,,2023-09-28,issued=2023-09-28,,Y
CT*,pharm-ct-out,2026-08-08,2026-08-15,PCN.0004264,relist,THE MOUNT SINAI HOSPITAL,NEW YORK,,2023-10-26,issued=2023-10-26,,Y
CT*,pharm-ct-out,2026-08-08,2026-08-15,PCN.0004273,relist,"PRIMERA COMPOUNDING, LLC",SUGAR LAND,,2024-06-18,issued=2024-06-18,,Y
CT*,pharm-ct-out,2026-08-08,2026-08-15,PCN.0004304,relist,AHMA RX,GARFIELD,,2024-08-28,issued=2024-08-28,,Y
CT*,pharm-ct-out,2026-08-08,2026-08-15,PCN.0004308,relist,"JKR PHARMACY VENTURES, LLC",LEXINGTON,,2024-05-02,issued=2024-05-02,,Y
CT*,pharm-ct-out,2026-08-08,2026-08-15,PCN.0004311,relist,PHARMA GROUP SELECT LLC,COLUMBIA,,2024-04-26,issued=2024-04-26,,Y
CT*,pharm-ct-out,2026-08-08,2026-08-15,PCN.0004339,relist,WALGREENS GENE & CELL SERVICES #21574,PITTSBURGH,,2024-06-27,issued=2024-06-27,,Y
CT*,pharm-ct-out,2026-08-08,2026-08-15,PCN.0004374,relist,"LT PHARMACY BUYER, LLC",HIGHLAND VILLAGE,,2024-10-31,issued=2024-10-31,,Y
CT*,pharm-ct-out,2026-08-08,2026-08-15,PCN.0004418,relist,RARE SPECIALTY PHARMACY,RAHWAY,,2025-03-10,issued=2025-03-10,,Y
CT*,pharm-ct-out,2026-08-08,2026-08-15,PCN.0004439,relist,NORTHWEST COMPOUNDERS LLC,BEAVERTON,,2025-05-01,issued=2025-05-01,,Y
CT*,pharm-ct-out,2026-08-08,2026-08-15,PCN.0004448,relist,SHADY GROVE PHARMACY,ROCKVILLE,,2025-05-29,issued=2025-05-29,,Y
CT*,pharm-ct-out,2026-08-08,2026-08-15,PCN.0004456,relist,HEARTWELL SPECIALTY PHARMACY CORP,JAMAICA,,2025-11-20,issued=2025-11-20,,Y
CT*,pharm-ct-out,2026-08-08,2026-08-15,PCN.0004467,relist,AMRX LLC,DALLAS,,2025-09-25,issued=2025-09-25,,Y
CT*,pharm-ct-out,2026-08-08,2026-08-15,PCN.0004474,relist,SPECIALTY CARE RX LLC,MEMPHIS,,2026-03-26,issued=2026-03-26,,Y
CT*,pharm-ct-out,2026-08-08,2026-08-15,PCN.0004478,relist,"WALGREENS SPECIALTY PHARMACY, LLC",PITTSBURGH,,2025-11-26,issued=2025-11-26,,Y
CT*,pharm-ct-out,2026-08-08,2026-08-15,PCN.0004493,relist,12PHARMA LLC,GAITHERSBURG,,2026-04-30,issued=2026-04-30,,Y
CT*,pharm-ct-out,2026-08-08,2026-08-15,PCN.0004519,relist,PRECISION PHARMA CORP,JUPITER,,2026-03-26,issued=2026-03-26,,Y
CT*,pharm-ct-out,2026-08-08,2026-08-15,PCN.0004534,relist,BY BLEND LLC,COLUMBUS,,2025-11-07,issued=2025-11-07,,Y
CT*,pharm-ct-out,2026-08-08,2026-08-15,PCN.0004535,relist,PHARMPEDIA LLC,FAIRFAX,,2026-04-30,issued=2026-04-30,,Y
CT*,pharm-ct-out,2026-08-08,2026-08-15,PCN.0004545,relist,ST. LUKE COMPOUNDING PHARMACY,NEW PORT RICHEY,,2025-11-03,issued=2025-11-03,,Y
CT*,pharm-ct-out,2026-08-08,2026-08-15,PCN.0004561,appear,PREMIUM HEALTH CARE PHARMACY,MIAMI,,2026-05-28,issued=2026-05-28,,Y
CT*,pharm-ct-out,2026-08-08,2026-08-15,PCN.0004562,relist,OAKDELL COMPOUNDING PHARMACY LLC,SAN ANTONIO,,2026-03-26,issued=2026-03-26,,Y
CT*,pharm-ct-out,2026-08-08,2026-08-15,PCN.0004582,relist,OUTPATIENT PHARMACY CORP,ROCHELLE PARK,,2025-11-20,issued=2025-11-20,,Y
CT*,pharm-ct-out,2026-08-08,2026-08-15,PCN.0004593,appear,DPR PHARMACY,MIAMI LAKES,,2026-05-28,issued=2026-05-28,,Y
CT*,pharm-ct-out,2026-08-08,2026-08-15,PCN.0004596,relist,SEACREST PHARMACY,BOYNTON BEACH,,2026-03-16,issued=2026-03-16,,Y
CT*,pharm-ct-out,2026-08-08,2026-08-15,PCN.0004609,appear,INTEGRISCRIPT INC,WEST SPRINGFIELD,,2026-05-28,issued=2026-05-28,,Y
CT*,pharm-ct-out,2026-08-08,2026-08-15,PCN.0004613,relist,BUDERER DRUG COMPANY INC,PERRYSBURG,,2026-01-29,issued=2026-01-29,,Y
CT*,pharm-ct-out,2026-08-08,2026-08-15,PCN.0004646,relist,ROMAT VENTURES INC,THONOTOSASSA,,2026-04-30,issued=2026-04-30,,Y
CT*,pharm-ct-out,2026-08-08,2026-08-15,PCN.0004663,relist,H&H PHARMACY LLC,BRENTWOOD,,2026-04-30,issued=2026-04-30,,Y
CT*,pharm-ct-out,2026-08-08,2026-08-15,PCN.0004669,appear,DOMA RX INC,FOREST HILLS,,2026-05-28,issued=2026-05-28,,Y
DE,pharm-de,2026-08-08,2026-08-15,A4-0013354,appear,Ameripharm Inc dba Medvantx Pharmacy Services,SIOUX FALLS,,2026-08-07,issued=2026-08-07,,Y
DE,pharm-de,2026-08-08,2026-08-15,A4-0013355,appear,"Premier Rx Wholesale, LLC",BRYAN,,2026-08-13,issued=2026-08-13,,Y
DE,pharm-de,2026-08-08,2026-08-15,A9-0013369,appear,Apteek Rx LLC,MCKINNEY,,2026-08-13,issued=2026-08-13,,Y
DE,pharm-de,2026-08-08,2026-08-15,A9-0001143,status_change,"Accredo Health Group, Inc",FRANKLIN,,2012-08-03,Active -> Closed,,Y
DE,pharm-de,2026-08-08,2026-08-15,A9-0002020,name_change,Pharma Buddies Corp,ORLANDO,,2017-06-19,Rosemont Specialty Pharmacy dba Pharma Buddies Corp -> Pharma Buddies Corp,,Y
DE,pharm-de,2026-08-08,2026-08-15,A9-0012563,status_change,Apteek Rx LLC,MCKINNEY,,2020-10-28,Active -> Closed,,Y
DE,pharm-de,2026-08-08,2026-08-15,A9-0013311,name_change,"South Walton Pharmacy, LLC dba PHARMA FUSION",LAKE CHARLES,,2026-03-04,"South Walton Pharmacy, LLC dba SANTA ROSA PHARMACY -> South Walton Pharmacy, LLC dba PHARMA FUSION",,Y
RI,pharm-ri,2026-08-08,2026-08-15,PHA00710,appear,CASMER PHARMACY,EAST GREENWICH,,2026-08-12,issued=2026-08-12,,
RI,pharm-ri,2026-08-08,2026-08-15,PHN12911,appear,ARCHWAY APOTHECARY,PONCHATOULA,,2026-08-07,issued=2026-08-07,,Y
RI,pharm-ri,2026-08-08,2026-08-15,PHN12463,name_change,NUFACTOR  INC.,RONKONKOMA,,2023-11-17,FFF ENTERPRISES DBA NUFACTOR INC -> NUFACTOR  INC.,,Y
